20011031,20021031,20031031,20041031,20051031,20061031,20071031,20081031,20091031,20101031,20111031,20121031,20131031,20141031,20151031,20161031,20171031,20181031,20191031,20201031
1377,1377,1377,1601,1601,1605,1332,1332,1332,1332,1332,1332,1334,1333,1333,1333,1332,1332,1332,1332
1379,1379,1601,1662,1604,1662,1605,1605,1605,1334,1334,1334,1605,1605,1605,1605,1333,1333,1333,1333
1601,1601,1721,1720,1662,1720,1662,1662,1662,1605,1605,1605,1662,1662,1662,1662,1605,1605,1605,1414
1801,1801,1801,1721,1720,1721,1721,1721,1721,1662,1662,1662,1721,1721,1721,1721,1721,1721,1721,1605
1802,1802,1802,1801,1721,1722,1722,1801,1801,1721,1721,1721,1801,1801,1801,1801,1801,1801,1801,1721
1803,1803,1803,1802,1801,1801,1801,1802,1802,1801,1801,1801,1802,1802,1802,1802,1802,1802,1802,1801
1812,1812,1812,1803,1802,1802,1802,1803,1803,1802,1802,1802,1803,1803,1803,1803,1803,1803,1803,1802
1820,1820,1820,1812,1803,1803,1803,1808,1808,1803,1803,1803,1808,1808,1808,1808,1808,1808,1808,1803
1824,1824,1824,1820,1812,1808,1808,1812,1812,1808,1808,1808,1812,1812,1812,1812,1812,1812,1812,1808
1833,1833,1833,1824,1820,1812,1812,1820,1833,1812,1812,1812,1833,1820,1820,1820,1820,1820,1820,1812
1860,1860,1860,1833,1824,1820,1820,1833,1860,1833,1833,1833,1860,1833,1821,1821,1821,1821,1821,1820
1878,1878,1878,1860,1833,1824,1833,1860,1878,1860,1860,1860,1878,1860,1824,1824,1824,1824,1824,1824
1924,1924,1924,1878,1860,1833,1860,1878,1911,1878,1878,1878,1883,1878,1833,1833,1833,1833,1833,1860
1925,1925,1925,1924,1878,1860,1878,1911,1925,1911,1911,1883,1911,1883,1860,1860,1860,1860,1860,1878
1928,1928,1928,1925,1924,1878,1911,1925,1928,1925,1925,1911,1925,1911,1878,1878,1878,1878,1878,1883
1941,1941,1941,1928,1925,1925,1925,1928,1944,1928,1928,1925,1928,1925,1883,1883,1883,1883,1883,1893
1942,1942,1942,1941,1928,1928,1928,1944,1951,1944,1944,1928,1944,1928,1893,1893,1893,1893,1893,1911
1944,1944,1963,1942,1941,1942,1944,1951,1963,1951,1951,1944,1951,1944,1911,1911,1911,1911,1911,1925
1947,1947,2002,1963,1942,1963,1963,1963,2002,1963,1963,1951,1963,1951,1925,1925,1925,1925,1925,1928
1951,1951,2202,2002,1963,2002,2002,2002,2206,2002,2002,1963,1979,1963,1928,1928,1928,1928,1928,1944
1963,1963,2206,2202,2002,2202,2202,2202,2212,2206,2206,1979,2002,1979,1944,1944,1944,1944,1944,1951
1973,2002,2212,2206,2202,2206,2206,2206,2264,2212,2212,2002,2206,2002,1951,1951,1951,1951,1951,1959
2002,2202,2261,2212,2206,2212,2212,2212,2267,2264,2264,2206,2212,2181,1963,1963,1959,1959,1959,1963
2202,2206,2264,2261,2212,2261,2261,2261,2269,2267,2267,2212,2229,2206,1979,2002,1963,1963,1963,2002
2206,2212,2267,2264,2261,2267,2267,2267,2270,2269,2269,2229,2264,2212,2002,2127,2002,2002,2002,2127
2212,2261,2282,2267,2264,2282,2282,2282,2282,2270,2270,2264,2267,2229,2127,2181,2127,2127,2127,2175
2261,2264,2284,2282,2267,2327,2331,2331,2331,2282,2282,2267,2269,2264,2181,2201,2181,2181,2175,2181
2262,2267,2322,2284,2282,2331,2433,2432,2432,2331,2331,2269,2270,2267,2206,2206,2201,2201,2181,2201
2264,2282,2327,2322,2284,2433,2501,2433,2433,2432,2371,2270,2282,2269,2212,2212,2206,2206,2201,2206
2267,2284,2331,2327,2322,2501,2502,2501,2501,2433,2432,2282,2331,2270,2229,2229,2212,2212,2206,2212
2282,2501,2501,2331,2327,2502,2503,2502,2502,2501,2433,2331,2371,2282,2264,2264,2229,2229,2212,2229
2284,2502,2502,2501,2331,2503,2531,2503,2503,2502,2501,2371,2413,2331,2267,2267,2264,2264,2229,2264
2501,2503,2503,2502,2501,2531,2579,2531,2531,2503,2502,2413,2432,2371,2269,2269,2267,2267,2264,2267
2502,2531,2531,2503,2502,2579,2593,2579,2579,2531,2503,2432,2433,2413,2270,2270,2269,2269,2267,2269
2503,2579,2579,2531,2503,2593,2651,2593,2593,2579,2531,2433,2501,2432,2282,2282,2270,2270,2269,2270
2531,2593,2593,2579,2531,2651,2685,2651,2607,2593,2579,2501,2502,2433,2331,2331,2282,2282,2270,2282
2572,2595,2595,2593,2579,2670,2730,2685,2651,2607,2593,2502,2503,2501,2371,2371,2331,2331,2282,2331
2579,2651,2651,2595,2593,2678,2768,2730,2685,2651,2607,2503,2531,2502,2413,2413,2371,2371,2331,2371
2593,2801,2664,2651,2595,2685,2779,2768,2730,2685,2651,2531,2579,2503,2432,2432,2413,2413,2371,2412
2595,2802,2768,2664,2651,2730,2784,2784,2768,2730,2670,2579,2587,2531,2433,2433,2432,2432,2413,2413
2651,2809,2779,2678,2664,2768,2801,2801,2784,2768,2685,2593,2593,2579,2501,2501,2433,2433,2432,2432
2801,2810,2801,2768,2678,2779,2802,2802,2801,2784,2730,2607,2607,2580,2502,2502,2501,2501,2433,2433
2802,2815,2802,2779,2768,2784,2809,2809,2802,2801,2768,2651,2651,2587,2503,2503,2502,2502,2492,2492
2809,2871,2809,2784,2779,2801,2810,2810,2809,2802,2784,2670,2670,2593,2531,2531,2503,2503,2501,2501
2810,2873,2810,2801,2784,2802,2811,2811,2810,2809,2801,2685,2685,2607,2579,2579,2531,2531,2502,2502
2871,2875,2815,2802,2801,2809,2871,2871,2811,2810,2802,2768,2768,2651,2580,2580,2579,2579,2503,2503
2873,2897,2871,2809,2802,2810,2873,2875,2871,2811,2809,2784,2784,2670,2587,2587,2587,2587,2531,2531
2875,2914,2873,2810,2809,2871,2875,2897,2875,2871,2810,2801,2801,2768,2593,2593,2593,2593,2579,2579
2897,3002,2875,2815,2810,2873,2897,2914,2897,2875,2811,2802,2802,2784,2607,2607,2607,2607,2587,2587
2914,3101,2897,2871,2815,2875,2914,3002,2914,2897,2871,2809,2809,2801,2651,2651,2651,2651,2593,2593
3002,3102,2914,2873,2871,2897,3002,3086,3002,2914,2875,2810,2810,2802,2670,2670,2670,2670,2607,2607
3101,3105,3002,2875,2873,2914,3086,3088,3086,3002,2897,2811,2811,2809,2768,2768,2768,2768,2651,2651
3102,3401,3101,2897,2875,3002,3088,3099,3088,3086,2914,2871,2871,2810,2784,2784,2784,2784,2670,2670
3105,3402,3102,2914,2897,3051,3101,3101,3099,3088,3086,2875,2875,2811,2801,2801,2801,2801,2768,2768
3401,3404,3105,3002,2914,3101,3105,3105,3101,3099,3088,2897,2897,2871,2802,2802,2802,2802,2784,2784
3402,3405,3401,3101,3002,3105,3116,3116,3105,3101,3099,2914,2914,2875,2809,2809,2809,2809,2801,2801
3404,3407,3402,3105,3101,3116,3337,3231,3116,3105,3101,3003,3003,2897,2810,2810,2810,2810,2802,2802
3405,3591,3404,3116,3105,3337,3382,3382,3231,3116,3105,3086,3086,2914,2811,2811,2811,2811,2809,2809
3407,3596,3405,3337,3116,3382,3401,3401,3382,3231,3116,3088,3088,3003,2871,2871,2871,2871,2810,2810
3591,3861,3407,3401,3337,3401,3402,3402,3401,3382,3231,3099,3092,3086,2875,2875,2875,2875,2811,2811
3596,3865,3591,3402,3382,3402,3404,3404,3402,3401,3382,3101,3099,3088,2897,2897,2897,2897,2815,2815
3861,3880,3596,3404,3401,3404,3405,3405,3404,3402,3391,3105,3101,3092,2914,2914,2914,2914,2871,2871
3864,3893,3861,3405,3402,3405,3407,3407,3405,3405,3401,3116,3105,3099,3003,3003,3003,3003,2875,2875
3865,4004,3865,3407,3404,3407,3436,3436,3407,3407,3402,3231,3116,3101,3064,3064,3064,3064,2897,2897
3880,4005,3880,3591,3405,3436,3591,3591,3436,3436,3405,3382,3231,3105,3086,3086,3086,3086,2914,2914
3893,4010,3893,3861,3407,3591,3861,3626,3591,3591,3407,3391,3289,3116,3088,3088,3088,3088,3003,3003
4004,4021,4004,3865,3591,3861,3880,3861,3626,3626,3436,3401,3349,3231,3092,3092,3092,3092,3038,3038
4005,4042,4005,3880,3861,3880,3893,3880,3861,3861,3591,3402,3382,3289,3099,3099,3099,3099,3064,3064
4010,4043,4010,3893,3865,3893,3941,3893,3880,3880,3608,3405,3391,3349,3101,3101,3101,3101,3086,3086
4021,4044,4021,4004,3880,4004,4004,3941,3893,3893,3626,3407,3401,3382,3105,3105,3105,3105,3088,3088
4042,4061,4042,4005,3893,4005,4005,4004,3941,3941,3632,3436,3402,3391,3116,3116,3116,3116,3092,3092
4043,4062,4043,4010,4004,4021,4021,4005,4004,4004,3861,3591,3405,3401,3231,3231,3141,3141,3099,3099
4044,4063,4044,4021,4005,4042,4042,4021,4005,4005,3865,3608,3407,3402,3289,3289,3197,3197,3101,3101
4061,4091,4061,4042,4021,4043,4043,4042,4021,4021,3880,3626,3436,3405,3291,3291,3231,3231,3105,3105
4062,4114,4062,4043,4042,4044,4044,4043,4042,4042,3893,3632,3591,3407,3349,3349,3289,3288,3116,3116
4063,4118,4063,4044,4043,4045,4045,4044,4043,4043,3941,3659,3608,3436,3382,3382,3291,3289,3141,3141
4091,4151,4091,4061,4044,4061,4061,4045,4044,4044,4004,3861,3626,3591,3391,3391,3349,3291,3197,3197
4114,4182,4114,4062,4061,4062,4062,4061,4045,4045,4005,3865,3632,3608,3401,3401,3382,3349,3231,3231
4118,4183,4118,4063,4062,4063,4063,4062,4061,4061,4021,3880,3659,3626,3402,3402,3391,3382,3288,3288
4151,4185,4151,4091,4063,4088,4088,4063,4062,4062,4042,3893,3861,3632,3405,3405,3401,3391,3289,3289
4182,4186,4182,4114,4091,4091,4091,4088,4063,4063,4043,3941,3863,3659,3407,3407,3402,3401,3291,3291
4183,4202,4183,4118,4114,4114,4114,4091,4088,4088,4044,4004,3865,3668,3436,3436,3405,3402,3349,3349
4185,4203,4185,4151,4118,4118,4118,4114,4091,4091,4045,4005,3941,3861,3591,3591,3407,3405,3360,3360
4186,4204,4186,4182,4151,4151,4151,4118,4114,4114,4061,4021,4004,3863,3608,3626,3436,3407,3382,3382
4202,4205,4202,4183,4182,4182,4182,4151,4118,4118,4062,4042,4005,3865,3626,3659,3591,3436,3391,3391
4203,4208,4203,4185,4183,4183,4183,4182,4151,4151,4063,4043,4021,3941,3659,3668,3626,3591,3401,3401
4204,4217,4204,4186,4185,4185,4185,4183,4182,4182,4088,4044,4042,4004,3668,3861,3659,3626,3402,3402
4205,4272,4205,4202,4186,4186,4186,4185,4183,4183,4091,4045,4043,4005,3861,3863,3765,3659,3405,3405
4208,4307,4208,4203,4188,4188,4188,4186,4185,4185,4114,4061,4044,4021,3863,3865,3861,3765,3407,3407
4217,4324,4217,4204,4202,4202,4202,4188,4186,4186,4118,4062,4045,4042,3865,3938,3863,3769,3436,3436
4272,4452,4272,4205,4203,4203,4203,4202,4188,4188,4151,4063,4061,4043,3941,3941,3938,3861,3549,3549
4452,4471,4307,4208,4204,4204,4204,4203,4202,4202,4182,4088,4062,4044,4004,4004,3941,3863,3591,3563
4471,4501,4324,4217,4205,4205,4205,4204,4203,4203,4183,4091,4063,4045,4005,4005,4004,3938,3626,3591
4501,4502,4452,4272,4208,4208,4208,4205,4204,4204,4185,4114,4088,4061,4021,4021,4005,3941,3659,3626
4502,4503,4471,4307,4217,4217,4217,4208,4205,4205,4186,4118,4091,4062,4042,4042,4021,4004,3765,3635
4503,4505,4501,4324,4272,4272,4272,4217,4208,4208,4188,4151,4114,4063,4044,4043,4042,4005,3769,3659
4505,4506,4502,4452,4307,4307,4307,4272,4217,4217,4202,4182,4118,4088,4045,4044,4043,4021,3861,3765
4506,4507,4503,4471,4324,4321,4321,4307,4272,4272,4203,4183,4151,4091,4061,4045,4044,4042,3863,3769
4507,4508,4505,4501,4452,4324,4324,4324,4307,4307,4204,4185,4182,4114,4062,4061,4045,4043,3938,3861
4508,4509,4506,4502,4471,4401,4401,4401,4324,4324,4205,4186,4183,4118,4063,4062,4061,4044,3941,3863
4509,4511,4507,4503,4502,4452,4452,4452,4401,4401,4206,4188,4185,4151,4088,4063,4062,4045,4004,3938
4511,4515,4508,4505,4503,4502,4502,4502,4403,4403,4208,4202,4186,4182,4091,4088,4063,4061,4005,3941
4515,4519,4509,4506,4506,4503,4503,4503,4452,4452,4217,4203,4188,4183,4114,4091,4088,4062,4021,4004
4519,4523,4511,4507,4507,4506,4506,4506,4502,4502,4272,4204,4202,4185,4118,4095,4091,4063,4042,4005
4523,4528,4519,4508,4508,4507,4507,4507,4503,4503,4307,4205,4203,4186,4151,4114,4095,4088,4043,4021
4528,4530,4523,4509,4519,4508,4508,4508,4506,4506,4324,4206,4204,4188,4182,4118,4114,4091,4044,4042
4530,4534,4528,4511,4523,4519,4518,4519,4507,4507,4401,4208,4205,4202,4183,4151,4118,4095,4045,4043
4534,4535,4530,4519,4528,4523,4519,4521,4508,4508,4403,4217,4206,4203,4185,4182,4151,4114,4061,4044
4535,4537,4534,4523,4530,4530,4523,4523,4519,4519,4452,4272,4208,4204,4186,4183,4182,4118,4062,4045
4537,4543,4535,4528,4534,4534,4528,4527,4521,4521,4502,4307,4217,4205,4188,4185,4183,4151,4063,4061
4543,4547,4537,4530,4535,4535,4530,4528,4523,4523,4503,4324,4272,4206,4202,4186,4185,4182,4088,4062
4547,4560,4543,4534,4537,4540,4534,4530,4527,4527,4506,4401,4307,4208,4203,4188,4186,4183,4091,4063
4560,4612,4547,4535,4543,4543,4535,4534,4528,4528,4507,4403,4324,4217,4204,4202,4188,4185,4095,4088
4612,4613,4560,4537,4547,4568,4536,4535,4530,4530,4508,4452,4401,4272,4205,4203,4202,4186,4114,4091
4613,4631,4612,4543,4560,4612,4540,4536,4534,4534,4519,4502,4403,4307,4206,4204,4203,4188,4118,4095
4631,4643,4613,4547,4568,4613,4543,4540,4535,4535,4521,4503,4452,4324,4208,4205,4204,4202,4151,4114
4643,4651,4631,4560,4612,4631,4568,4543,4536,4536,4523,4506,4502,4401,4217,4206,4205,4203,4182,4118
4651,4661,4661,4612,4613,4661,4612,4544,4540,4540,4527,4507,4503,4403,4272,4208,4206,4204,4183,4151
4661,4676,4676,4613,4631,4666,4613,4547,4543,4543,4528,4508,4506,4452,4307,4217,4208,4205,4185,4182
4676,4684,4684,4631,4661,4676,4631,4568,4544,4544,4530,4519,4507,4502,4324,4272,4217,4206,4186,4183
4684,4704,4704,4661,4676,4680,4661,4612,4547,4547,4534,4521,4508,4503,4401,4307,4272,4208,4188,4185
4704,4706,4706,4676,4684,4684,4666,4613,4568,4555,4536,4523,4519,4506,4403,4324,4307,4217,4202,4186
4716,4716,4716,4684,4689,4689,4676,4631,4569,4568,4540,4527,4521,4507,4452,4401,4324,4272,4203,4188
4739,4732,4732,4689,4704,4704,4680,4661,4612,4569,4541,4528,4523,4508,4502,4403,4401,4307,4204,4202
4774,4739,4739,4704,4716,4716,4684,4665,4613,4612,4543,4530,4527,4516,4503,4452,4403,4324,4205,4203
4812,4774,4774,4716,4723,4723,4689,4666,4631,4613,4544,4534,4528,4519,4506,4502,4452,4401,4206,4204
4901,4812,4901,4723,4732,4732,4704,4676,4661,4631,4547,4536,4530,4521,4507,4503,4502,4403,4208,4205
4902,4901,4902,4732,4739,4739,4716,4684,4665,4661,4555,4540,4534,4523,4508,4506,4503,4452,4217,4206
4911,4902,4911,4739,4768,4756,4723,4689,4666,4665,4568,4541,4536,4527,4516,4507,4506,4502,4272,4208
4912,4911,4912,4768,4795,4768,4732,4704,4676,4666,4569,4543,4540,4528,4519,4508,4507,4503,4307,4272
4921,4912,4921,4774,4901,4795,4739,4716,4684,4676,4578,4544,4541,4530,4521,4516,4508,4506,4324,4307
4922,4921,4922,4795,4902,4901,4756,4732,4689,4684,4581,4547,4543,4534,4523,4519,4516,4507,4401,4324
4967,4922,4967,4901,4911,4902,4768,4739,4704,4689,4612,4555,4544,4536,4527,4521,4519,4508,4403,4401
5001,4967,5001,4902,4912,4911,4901,4768,4716,4704,4613,4568,4547,4540,4528,4523,4521,4516,4452,4403
5002,5001,5002,4911,4921,4912,4902,4901,4732,4716,4631,4569,4555,4541,4530,4527,4523,4519,4502,4452
5007,5002,5007,4912,4922,4921,4911,4902,4739,4732,4661,4578,4568,4543,4534,4528,4527,4521,4503,4502
5012,5007,5012,4921,4967,4922,4912,4911,4768,4739,4665,4581,4569,4544,4536,4530,4528,4523,4506,4503
5014,5012,5016,4922,5001,4967,4922,4912,4901,4768,4666,4612,4578,4547,4540,4534,4530,4527,4507,4506
5101,5016,5101,4967,5002,5001,4967,4922,4902,4901,4676,4613,4581,4555,4541,4536,4534,4528,4508,4507
5108,5101,5108,5001,5007,5002,5001,4967,4911,4902,4684,4631,4612,4568,4543,4540,4536,4530,4516,4516
5110,5108,5110,5002,5012,5007,5002,5001,4912,4911,4689,4661,4613,4569,4544,4541,4540,4534,4519,4519
5191,5110,5191,5007,5016,5012,5007,5002,4922,4912,4704,4665,4631,4578,4547,4543,4543,4536,4521,4521
5201,5191,5201,5012,5101,5016,5012,5007,4967,4922,4716,4666,4661,4581,4555,4544,4544,4540,4523,4523
5202,5201,5202,5016,5108,5101,5016,5012,5001,4967,4732,4676,4665,4612,4568,4547,4547,4543,4527,4527
5214,5202,5208,5101,5110,5108,5019,5016,5002,5002,4739,4684,4666,4613,4569,4555,4555,4544,4528,4528
5232,5214,5214,5108,5191,5110,5101,5019,5007,5007,4768,4689,4676,4631,4578,4568,4568,4547,4530,4530
5233,5232,5232,5110,5201,5191,5108,5101,5012,5012,4901,4704,4681,4661,4581,4569,4569,4555,4534,4534
5331,5233,5233,5191,5202,5201,5110,5108,5016,5019,4902,4716,4684,4665,4612,4578,4578,4568,4536,4536
5332,5331,5332,5201,5208,5202,5191,5110,5019,5020,4911,4732,4689,4666,4613,4581,4581,4569,4540,4540
5333,5332,5333,5202,5214,5214,5201,5201,5101,5101,4912,4739,4704,4676,4631,4587,4587,4578,4543,4543
5334,5333,5334,5208,5232,5232,5202,5202,5108,5108,4922,4768,4716,4681,4661,4612,4612,4581,4544,4544
5401,5334,5401,5214,5233,5233,5214,5214,5110,5110,4967,4901,4732,4684,4665,4613,4613,4587,4547,4547
5403,5401,5405,5232,5332,5332,5232,5232,5201,5201,5002,4902,4739,4689,4666,4631,4631,4612,4555,4552
5404,5405,5406,5233,5333,5333,5233,5233,5202,5202,5007,4911,4768,4704,4676,4661,4661,4613,4568,4555
5405,5406,5407,5332,5334,5334,5301,5301,5214,5214,5012,4912,4901,4716,4681,4665,4665,4631,4578,4568
5406,5407,5411,5333,5401,5401,5332,5332,5232,5232,5019,4922,4902,4732,4684,4666,4666,4661,4581,4578
5407,5411,5423,5334,5405,5405,5333,5333,5233,5233,5020,4927,4911,4739,4689,4676,4676,4665,4587,4581
5423,5423,5463,5401,5406,5406,5334,5334,5301,5301,5101,4967,4912,4751,4704,4681,4681,4666,4612,4587
5463,5463,5471,5405,5407,5407,5401,5401,5332,5332,5108,5002,4922,4755,4716,4684,4684,4676,4613,4612
5471,5471,5482,5406,5411,5411,5405,5405,5333,5333,5110,5007,4927,4768,4732,4689,4689,4681,4631,4613
5482,5482,5486,5407,5423,5423,5406,5406,5334,5334,5201,5012,4967,4901,4739,4704,4704,4684,4661,4631
5486,5486,5701,5411,5463,5463,5407,5407,5401,5401,5202,5019,5002,4902,4751,4716,4716,4689,4665,4661
5706,5706,5706,5423,5471,5471,5411,5411,5405,5405,5214,5020,5007,4911,4755,4732,4732,4704,4666,4665
5711,5711,5711,5463,5482,5481,5423,5423,5406,5406,5232,5101,5012,4912,4768,4739,4739,4716,4676,4666
5713,5713,5713,5471,5486,5482,5463,5444,5407,5407,5233,5108,5019,4922,4901,4751,4751,4732,4681,4676
5714,5714,5714,5482,5701,5486,5471,5451,5411,5411,5301,5110,5020,4927,4902,4755,4755,4739,4684,4681
5716,5801,5801,5486,5706,5631,5481,5463,5423,5423,5332,5201,5101,4967,4911,4768,4768,4751,4689,4684
5801,5802,5802,5701,5711,5701,5482,5471,5444,5444,5333,5202,5108,5002,4912,4901,4901,4755,4704,4686
5802,5803,5803,5706,5713,5706,5486,5481,5451,5451,5334,5214,5110,5007,4922,4902,4902,4768,4716,4689
5803,5812,5812,5711,5714,5711,5541,5482,5463,5463,5401,5232,5201,5012,4927,4911,4911,4901,4732,4704
5812,5901,5901,5713,5801,5713,5631,5486,5471,5471,5405,5233,5202,5019,4967,4912,4912,4902,4739,4716
5901,5929,5929,5714,5802,5714,5701,5541,5482,5482,5406,5301,5214,5020,5002,4922,4922,4911,4751,4732
5929,5938,5938,5801,5803,5726,5706,5631,5486,5486,5407,5332,5232,5101,5012,4927,4927,4912,4755,4739
5938,5947,5947,5802,5812,5801,5711,5701,5541,5541,5411,5333,5233,5105,5019,4967,4967,4921,4768,4751
5947,5991,5991,5803,5901,5802,5713,5706,5631,5631,5423,5334,5301,5108,5020,5002,5002,4922,4901,4755
5991,6013,6041,5812,5929,5803,5714,5711,5701,5701,5444,5401,5332,5110,5021,5012,5019,4927,4902,4768
6013,6113,6113,5901,5938,5812,5726,5713,5706,5706,5451,5406,5333,5201,5101,5019,5020,4967,4911,4901
6113,6146,6146,5929,5947,5901,5727,5714,5711,5711,5463,5411,5334,5202,5105,5020,5101,5002,4912,4902
6146,6201,6201,5938,5991,5929,5801,5726,5713,5713,5471,5413,5401,5214,5108,5101,5105,5019,4921,4911
6201,6206,6206,5947,6041,5938,5802,5727,5714,5714,5482,5444,5406,5232,5110,5105,5108,5020,4922,4912
6206,6273,6273,5991,6113,5947,5803,5801,5726,5726,5486,5451,5411,5233,5201,5108,5110,5021,4927,4919
6273,6278,6278,6041,6146,5991,5812,5802,5727,5727,5541,5463,5413,5332,5202,5110,5201,5101,4967,4921
6278,6301,6301,6113,6201,6041,5851,5803,5801,5801,5631,5471,5444,5333,5214,5201,5214,5105,5019,4922
6301,6302,6302,6146,6206,6103,5901,5812,5802,5802,5701,5486,5451,5334,5232,5202,5232,5108,5020,4927
6302,6326,6305,6201,6273,6104,5929,5855,5803,5803,5706,5541,5463,5401,5233,5214,5233,5110,5021,4967
6326,6349,6326,6206,6301,6113,5938,5901,5812,5857,5711,5631,5471,5406,5332,5232,5332,5201,5101,5019
6349,6361,6349,6273,6302,6136,5947,5929,5857,5901,5713,5703,5486,5411,5333,5233,5333,5214,5105,5020
6361,6367,6361,6301,6305,6146,5991,5938,5901,5929,5714,5706,5631,5413,5334,5332,5334,5232,5108,5021
6367,6370,6366,6302,6326,6201,6041,5947,5929,5938,5726,5711,5703,5444,5401,5333,5401,5233,5110,5101
6370,6371,6367,6305,6349,6273,6103,5991,5938,5943,5727,5713,5706,5451,5406,5334,5406,5301,5201,5105
6371,6412,6370,6326,6361,6301,6104,6103,5947,5947,5801,5714,5711,5463,5411,5401,5411,5332,5214,5108
6412,6417,6371,6349,6366,6302,6113,6113,5991,5991,5802,5726,5713,5471,5413,5406,5413,5333,5232,5110
6417,6426,6412,6361,6367,6305,6135,6136,6103,6103,5803,5801,5714,5486,5444,5411,5444,5334,5233,5201
6426,6436,6417,6366,6370,6326,6136,6141,6113,6113,5857,5802,5801,5631,5463,5413,5463,5401,5301,5214
6436,6448,6426,6367,6412,6349,6141,6146,6136,6136,5901,5803,5802,5703,5471,5444,5471,5406,5332,5232
6444,6471,6448,6370,6417,6361,6146,6201,6141,6140,5929,5857,5803,5706,5486,5463,5486,5411,5333,5233
6448,6472,6471,6412,6448,6366,6201,6222,6146,6141,5938,5901,5901,5711,5631,5471,5631,5444,5334,5301
6471,6473,6472,6417,6460,6367,6273,6268,6201,6146,5943,5929,5929,5713,5703,5486,5703,5463,5401,5332
6472,6479,6473,6448,6471,6370,6301,6273,6222,6201,5947,5938,5938,5714,5706,5631,5706,5471,5406,5333
6473,6481,6479,6460,6472,6383,6302,6301,6268,6222,5991,5943,5943,5801,5711,5703,5711,5486,5411,5334
6479,6501,6481,6471,6473,6412,6305,6302,6273,6268,6005,5947,5947,5802,5713,5706,5713,5631,5444,5401
6481,6502,6501,6472,6479,6417,6326,6305,6301,6273,6103,5949,5949,5803,5714,5711,5714,5703,5463,5406
6501,6503,6502,6473,6481,6448,6349,6326,6302,6301,6113,5991,5991,5901,5801,5713,5801,5706,5471,5411
6502,6504,6503,6479,6501,6460,6361,6349,6305,6302,6136,6005,6005,5929,5802,5714,5802,5711,5486,5444
6503,6506,6504,6481,6502,6471,6366,6361,6310,6305,6140,6103,6103,5938,5803,5801,5803,5713,5631,5463
6504,6586,6506,6501,6503,6472,6367,6366,6326,6310,6141,6113,6113,5943,5901,5802,5901,5714,5703,5471
6506,6588,6586,6502,6504,6473,6370,6367,6349,6326,6146,6136,6136,5947,5929,5803,5929,5801,5706,5486
6586,6592,6588,6503,6506,6479,6383,6370,6361,6349,6201,6140,6141,5949,5938,5901,5938,5802,5711,5631
6588,6594,6592,6504,6586,6481,6395,6383,6366,6361,6222,6141,6146,5991,5947,5929,5947,5803,5713,5703
6592,6645,6594,6506,6588,6501,6417,6395,6367,6366,6268,6146,6201,6005,5949,5938,5949,5901,5714,5706
6594,6701,6645,6586,6592,6502,6448,6417,6370,6367,6273,6201,6268,6103,5991,5947,5991,5929,5801,5711
6645,6702,6701,6588,6594,6503,6457,6448,6383,6370,6301,6268,6273,6113,6005,5949,6005,5938,5802,5713
6701,6703,6702,6592,6645,6504,6460,6457,6395,6395,6302,6273,6301,6136,6098,5991,6028,5947,5803,5714
6702,6707,6703,6594,6665,6506,6471,6460,6417,6417,6305,6301,6302,6141,6103,6005,6098,5991,5901,5801
6703,6752,6707,6645,6701,6581,6472,6471,6448,6448,6310,6302,6305,6146,6113,6098,6103,6005,5929,5802
6707,6753,6752,6701,6702,6586,6473,6472,6457,6457,6326,6305,6310,6201,6136,6103,6113,6028,5938,5901
6751,6754,6753,6702,6703,6588,6474,6473,6460,6460,6361,6310,6326,6268,6141,6113,6136,6098,5947,5929
6752,6758,6754,6703,6707,6592,6479,6474,6471,6465,6366,6326,6361,6273,6146,6136,6141,6103,5991,5938
6753,6762,6758,6707,6723,6594,6481,6479,6472,6471,6367,6361,6366,6301,6201,6141,6146,6113,6005,5947
6754,6764,6762,6723,6724,6645,6501,6481,6473,6472,6370,6366,6367,6302,6268,6146,6178,6136,6028,5991
6756,6767,6764,6724,6752,6665,6502,6501,6479,6473,6395,6367,6370,6305,6273,6178,6201,6141,6098,6005
6758,6770,6767,6752,6753,6701,6503,6502,6481,6479,6417,6370,6395,6326,6301,6201,6268,6146,6103,6028
6762,6773,6770,6753,6754,6702,6504,6503,6501,6481,6448,6395,6417,6361,6302,6268,6273,6178,6113,6098
6764,6792,6773,6754,6758,6703,6506,6504,6502,6501,6457,6417,6448,6366,6305,6273,6301,6201,6136,6103
6767,6806,6792,6758,6762,6707,6581,6506,6503,6502,6460,6448,6457,6367,6326,6301,6302,6268,6141,6113
6770,6810,6806,6762,6764,6723,6586,6581,6504,6503,6465,6457,6460,6370,6361,6302,6305,6273,6146,6134
6773,6816,6810,6764,6767,6724,6588,6586,6506,6504,6471,6460,6465,6395,6366,6305,6326,6301,6178,6136
6781,6839,6816,6767,6770,6752,6592,6588,6508,6506,6472,6465,6471,6417,6367,6326,6361,6302,6201,6141
6782,6841,6839,6770,6773,6753,6594,6592,6581,6508,6473,6471,6472,6448,6370,6361,6366,6305,6268,6146
6783,6845,6841,6773,6792,6758,6645,6594,6586,6581,6474,6472,6473,6457,6383,6366,6367,6326,6273,6178
6792,6857,6845,6792,6806,6762,6665,6645,6588,6586,6479,6473,6474,6460,6395,6367,6370,6361,6301,6201
6806,6861,6857,6806,6810,6764,6701,6665,6592,6588,6481,6474,6479,6465,6417,6370,6383,6366,6302,6268
6810,6902,6861,6810,6815,6770,6702,6674,6594,6592,6501,6479,6481,6471,6448,6383,6395,6367,6305,6273
6816,6923,6902,6815,6816,6773,6703,6701,6645,6594,6502,6481,6501,6472,6457,6395,6417,6370,6326,6301
6839,6925,6923,6816,6839,6792,6707,6702,6665,6645,6503,6501,6502,6473,6460,6417,6436,6383,6361,6302
6841,6952,6925,6839,6841,6806,6723,6703,6674,6665,6504,6502,6503,6474,6465,6448,6448,6395,6367,6305
6845,6954,6952,6841,6857,6810,6724,6707,6701,6674,6506,6503,6504,6479,6471,6457,6457,6417,6370,6326
6857,6963,6954,6857,6861,6815,6728,6723,6702,6701,6508,6504,6506,6481,6472,6460,6460,6436,6383,6361
6861,6965,6963,6861,6902,6839,6752,6724,6703,6702,6586,6506,6508,6501,6473,6465,6465,6448,6395,6367
6902,6967,6965,6902,6923,6841,6753,6728,6724,6703,6588,6508,6586,6502,6474,6471,6471,6457,6417,6370
6923,6971,6967,6923,6925,6845,6758,6752,6728,6724,6592,6586,6588,6503,6479,6472,6472,6460,6436,6383
6925,6976,6971,6925,6952,6857,6762,6753,6752,6728,6594,6588,6592,6504,6481,6473,6473,6465,6448,6395
6952,6981,6976,6952,6954,6861,6764,6758,6753,6752,6645,6592,6594,6506,6501,6474,6474,6471,6457,6406
6954,6986,6981,6954,6963,6869,6770,6762,6758,6753,6665,6594,6645,6508,6502,6479,6479,6472,6460,6417
6963,6988,6986,6963,6965,6902,6773,6764,6762,6758,6674,6645,6674,6586,6503,6481,6481,6473,6465,6436
6965,6991,6988,6965,6967,6923,6806,6767,6764,6762,6701,6674,6701,6588,6504,6501,6501,6474,6471,6448
6967,6996,6991,6967,6971,6925,6839,6770,6767,6764,6702,6701,6702,6592,6506,6502,6503,6479,6472,6457
6971,7003,6996,6971,6976,6952,6841,6773,6770,6767,6703,6702,6703,6594,6586,6503,6504,6481,6473,6460
6976,7004,7003,6976,6981,6954,6845,6804,6773,6770,6724,6703,6724,6645,6592,6504,6506,6501,6474,6465
6981,7011,7011,6981,6986,6963,6857,6806,6804,6773,6728,6724,6727,6674,6594,6506,6586,6503,6479,6471
6986,7012,7012,6986,6988,6965,6861,6841,6806,6804,6752,6727,6752,6701,6645,6586,6592,6504,6481,6472
6988,7013,7013,6988,6991,6967,6869,6845,6841,6806,6753,6752,6753,6702,6674,6592,6594,6506,6501,6473
6991,7201,7201,6991,6995,6971,6902,6849,6845,6841,6754,6753,6754,6703,6701,6594,6645,6586,6503,6479
6996,7202,7202,6995,6996,6976,6923,6856,6849,6845,6758,6754,6758,6724,6702,6645,6674,6592,6504,6481
7003,7203,7203,6996,7003,6981,6925,6857,6856,6849,6762,6758,6762,6727,6703,6674,6701,6594,6506,6501
7004,7205,7205,7003,7011,6986,6952,6861,6857,6856,6767,6762,6770,6740,6724,6701,6702,6645,6586,6503
7011,7211,7211,7011,7012,6988,6954,6869,6861,6857,6770,6770,6806,6752,6740,6702,6703,6674,6592,6504
7012,7221,7221,7012,7013,6991,6963,6902,6869,6861,6773,6773,6841,6753,6752,6703,6724,6701,6594,6506
7013,7240,7240,7013,7201,6995,6965,6923,6902,6869,6806,6806,6845,6754,6753,6724,6728,6702,6645,6586
7201,7241,7241,7201,7202,6996,6967,6925,6923,6902,6841,6841,6849,6758,6754,6752,6752,6703,6674,6592
7202,7248,7242,7202,7203,7003,6971,6952,6925,6923,6845,6845,6856,6762,6758,6758,6755,6724,6701,6594
7203,7259,7248,7203,7205,7011,6976,6954,6952,6925,6849,6849,6857,6770,6762,6762,6758,6728,6702,6645
7205,7261,7259,7205,7211,7012,6981,6963,6954,6952,6856,6856,6861,6806,6770,6770,6762,6752,6703,6674
7211,7262,7261,7211,7221,7013,6986,6965,6963,6954,6857,6857,6869,6841,6806,6806,6770,6753,6723,6701
7221,7267,7262,7221,7240,7201,6988,6967,6965,6963,6861,6861,6902,6845,6841,6841,6806,6754,6724,6702
7240,7269,7267,7240,7241,7202,6991,6971,6967,6965,6869,6869,6923,6849,6845,6845,6841,6755,6728,6703
7241,7270,7269,7241,7248,7203,6995,6976,6971,6967,6902,6902,6925,6856,6849,6849,6845,6758,6752,6723
7259,7272,7270,7248,7259,7205,6996,6981,6976,6971,6923,6923,6952,6857,6856,6856,6849,6762,6753,6724
7261,7276,7272,7259,7261,7210,7003,6986,6981,6976,6925,6925,6954,6861,6857,6857,6856,6770,6754,6728
7262,7282,7276,7261,7262,7211,7011,6988,6986,6981,6952,6952,6963,6869,6861,6861,6857,6806,6755,6752
7267,7437,7282,7262,7267,7221,7012,6991,6988,6986,6954,6954,6965,6902,6869,6869,6861,6841,6758,6753
7269,7451,7309,7267,7269,7240,7013,6995,6991,6988,6963,6963,6971,6923,6902,6902,6869,6845,6762,6754
7270,7455,7437,7269,7270,7241,7201,6996,6995,6991,6965,6965,6976,6925,6923,6923,6902,6849,6770,6755
7272,7459,7451,7270,7272,7248,7202,7003,6996,6995,6971,6971,6981,6952,6925,6925,6923,6856,6806,6758
7276,7518,7455,7272,7276,7251,7203,7004,7003,6996,6976,6976,6988,6954,6952,6952,6925,6857,6841,6762
7282,7522,7459,7276,7282,7259,7205,7011,7004,7003,6981,6981,6995,6963,6954,6954,6952,6861,6845,6770
7437,7532,7518,7282,7451,7261,7211,7012,7011,7004,6986,6988,6996,6965,6963,6963,6954,6869,6849,6806
7451,7581,7532,7451,7453,7262,7221,7013,7012,7011,6988,6995,7003,6971,6965,6965,6963,6902,6856,6841
7455,7701,7701,7453,7455,7267,7240,7201,7013,7012,6995,6996,7004,6976,6971,6971,6965,6923,6857,6845
7459,7729,7729,7455,7459,7269,7241,7202,7201,7013,6996,7003,7011,6981,6976,6976,6971,6925,6861,6849
7513,7731,7731,7459,7518,7270,7248,7203,7202,7201,7003,7004,7012,6988,6981,6981,6976,6952,6869,6856
7522,7733,7733,7518,7532,7272,7251,7205,7203,7202,7004,7011,7013,6995,6988,6988,6981,6954,6902,6857
7581,7735,7735,7532,7701,7276,7259,7211,7205,7203,7011,7012,7201,7003,6995,6995,6988,6963,6920,6861
7701,7741,7741,7701,7729,7282,7261,7221,7211,7205,7012,7013,7202,7004,7003,7003,6995,6965,6923,6869
7729,7751,7751,7729,7731,7451,7262,7230,7221,7211,7013,7201,7203,7011,7004,7004,7003,6971,6925,6902
7731,7752,7752,7731,7733,7453,7267,7240,7230,7221,7201,7202,7205,7012,7011,7011,7011,6976,6952,6920
7733,7753,7756,7733,7735,7455,7269,7241,7240,7230,7202,7203,7211,7013,7012,7012,7012,6981,6954,6923
7735,7762,7762,7735,7741,7459,7270,7251,7251,7240,7203,7205,7230,7201,7013,7013,7013,6988,6963,6925
7741,7860,7860,7741,7751,7518,7272,7259,7259,7251,7205,7211,7240,7202,7164,7164,7164,6995,6965,6952
7751,7862,7862,7751,7752,7532,7276,7261,7261,7259,7211,7230,7251,7203,7180,7167,7167,7003,6971,6954
7752,7911,7911,7752,7756,7701,7282,7262,7262,7261,7221,7240,7259,7205,7201,7180,7180,7011,6976,6963
7753,7912,7912,7756,7757,7729,7309,7267,7267,7262,7230,7251,7261,7211,7202,7181,7181,7012,6981,6965
7762,7951,7951,7757,7762,7731,7453,7269,7269,7267,7240,7259,7262,7222,7203,7182,7182,7013,6988,6971
7860,7960,7960,7762,7832,7733,7459,7270,7270,7269,7251,7261,7267,7230,7205,7186,7186,7164,6995,6976
7862,7964,7964,7862,7862,7735,7518,7272,7272,7270,7259,7262,7269,7240,7211,7189,7189,7167,7011,6981
7911,7966,7966,7911,7911,7741,7532,7276,7276,7272,7261,7267,7270,7251,7222,7201,7201,7180,7012,6988
7912,7967,7967,7912,7912,7751,7701,7282,7282,7276,7262,7269,7272,7259,7240,7202,7202,7181,7013,6995
7951,7974,7974,7951,7951,7752,7729,7309,7309,7278,7267,7270,7276,7261,7259,7203,7203,7182,7164,7011
7960,7984,7984,7960,7960,7757,7731,7312,7312,7282,7269,7272,7278,7262,7261,7205,7205,7186,7167,7012
7964,8001,8001,7966,7966,7762,7733,7453,7453,7309,7270,7276,7282,7267,7262,7211,7211,7189,7180,7013
7966,8002,8002,7967,7974,7832,7735,7459,7459,7312,7272,7278,7309,7269,7267,7222,7222,7201,7181,7164
7967,8012,8011,7974,7984,7862,7741,7518,7518,7453,7276,7282,7312,7270,7269,7240,7240,7202,7182,7167
7974,8015,8012,7984,8001,7911,7751,7532,7532,7459,7278,7309,7313,7272,7270,7259,7259,7203,7186,7180
7984,8016,8015,8001,8002,7912,7752,7649,7649,7518,7282,7312,7453,7276,7272,7261,7261,7205,7189,7181
8001,8028,8016,8002,8011,7936,7757,7701,7701,7532,7309,7313,7459,7278,7276,7267,7267,7211,7201,7182
8002,8031,8028,8011,8012,7951,7762,7729,7729,7550,7312,7453,7518,7282,7282,7269,7269,7240,7202,7186
8012,8035,8031,8012,8015,7966,7832,7731,7731,7649,7453,7459,7532,7309,7309,7270,7270,7259,7203,7189
8015,8036,8035,8015,8016,7974,7862,7733,7733,7701,7459,7518,7550,7312,7313,7272,7272,7261,7205,7201
8016,8053,8036,8016,8028,7984,7911,7735,7735,7729,7518,7532,7649,7313,7453,7276,7276,7267,7211,7202
8028,8056,8053,8028,8031,8001,7912,7741,7741,7731,7532,7550,7701,7453,7459,7282,7282,7269,7240,7203
8031,8058,8056,8031,8035,8002,7915,7751,7751,7733,7550,7649,7729,7459,7532,7309,7309,7270,7259,7205
8035,8060,8058,8035,8036,8011,7936,7752,7752,7735,7649,7701,7731,7532,7550,7313,7313,7272,7261,7211
8036,8063,8060,8036,8053,8012,7951,7762,7762,7741,7701,7729,7733,7550,7649,7453,7453,7276,7267,7240
8053,8086,8086,8053,8056,8015,7966,7832,7832,7751,7729,7731,7735,7649,7701,7458,7458,7282,7269,7259
8056,8112,8112,8056,8058,8016,7974,7911,7911,7752,7731,7733,7741,7701,7731,7459,7459,7309,7270,7261
8058,8113,8113,8058,8060,8028,7984,7912,7912,7762,7733,7735,7751,7731,7733,7532,7532,7313,7272,7267
8060,8136,8136,8060,8086,8031,8001,7915,7915,7832,7735,7741,7752,7733,7735,7550,7550,7327,7276,7269
8063,8170,8170,8086,8112,8035,8002,7936,7936,7911,7741,7751,7762,7735,7741,7649,7649,7453,7282,7270
8112,8180,8180,8112,8113,8036,8011,7951,7951,7912,7751,7752,7832,7741,7751,7701,7701,7458,7309,7272
8113,8183,8183,8113,8136,8053,8012,7966,7966,7915,7752,7762,7911,7751,7752,7731,7731,7459,7313,7276
8136,8184,8184,8136,8170,8056,8015,7974,7974,7936,7762,7832,7912,7752,7762,7733,7732,7518,7327,7282
8140,8188,8188,8170,8180,8058,8016,7984,7984,7951,7832,7911,7936,7762,7832,7735,7733,7532,7453,7309
8170,8195,8195,8180,8184,8060,8028,7988,7988,7966,7911,7912,7951,7832,7846,7741,7735,7550,7458,7313
8175,8218,8218,8183,8188,8112,8031,8001,8001,7974,7912,7936,7956,7911,7911,7751,7741,7616,7459,7337
8180,8227,8219,8184,8218,8113,8035,8002,8002,7984,7915,7951,7966,7912,7912,7752,7751,7649,7518,7453
8183,8231,8227,8188,8227,8136,8036,8012,8012,7988,7936,7956,7974,7936,7936,7762,7752,7701,7532,7458
8184,8233,8233,8218,8233,8170,8053,8015,8015,8001,7951,7966,7984,7951,7951,7832,7762,7731,7550,7459
8188,8234,8234,8227,8234,8184,8056,8016,8016,8002,7966,7974,7988,7956,7956,7846,7832,7732,7616,7476
8195,8238,8238,8233,8238,8218,8058,8028,8028,8012,7974,7984,8001,7966,7966,7911,7846,7733,7649,7518
8218,8242,8242,8234,8242,8227,8060,8031,8031,8015,7984,7988,8002,7974,7974,7912,7911,7735,7701,7532
8227,8252,8252,8238,8252,8233,8112,8035,8035,8016,7988,8001,8012,7984,7984,7936,7912,7741,7730,7550
8231,8253,8253,8242,8253,8234,8113,8036,8036,8028,8001,8002,8015,7988,7988,7951,7936,7747,7731,7616
8233,8263,8263,8252,8258,8238,8136,8053,8053,8031,8002,8012,8016,8001,8001,7956,7951,7751,7732,7649
8234,8264,8264,8253,8263,8242,8170,8056,8058,8035,8012,8015,8028,8002,8002,7966,7956,7752,7733,7701
8238,8267,8267,8258,8267,8252,8184,8058,8060,8036,8015,8016,8031,8012,8012,7974,7966,7762,7735,7730
8242,8268,8268,8263,8268,8253,8218,8060,8078,8053,8016,8028,8035,8015,8015,7984,7974,7832,7741,7731
8252,8270,8270,8264,8270,8258,8219,8078,8086,8058,8028,8031,8036,8016,8016,7988,7984,7846,7747,7732
8253,8273,8273,8267,8273,8263,8227,8086,8112,8060,8031,8035,8053,8028,8028,8001,7988,7911,7751,7733
8263,8305,8306,8268,8303,8267,8233,8112,8113,8078,8035,8036,8058,8031,8031,8002,8001,7912,7752,7735
8264,8306,8307,8270,8306,8268,8238,8113,8129,8086,8036,8053,8060,8035,8035,8012,8002,7936,7762,7741
8267,8307,8308,8273,8308,8270,8242,8129,8184,8112,8053,8058,8078,8036,8036,8015,8012,7951,7832,7747
8268,8308,8309,8303,8309,8273,8252,8184,8218,8113,8058,8060,8086,8053,8053,8016,8015,7956,7846,7751
8270,8309,8316,8306,8316,8281,8253,8218,8219,8129,8060,8078,8088,8058,8058,8028,8016,7966,7911,7752
8305,8318,8324,8307,8324,8303,8263,8219,8227,8136,8078,8086,8113,8060,8060,8031,8028,7974,7912,7780
8306,8324,8326,8308,8326,8306,8267,8227,8233,8140,8086,8088,8129,8078,8078,8035,8031,7984,7936,7832
8307,8326,8327,8309,8327,8308,8270,8233,8242,8184,8113,8113,8130,8086,8086,8036,8035,7988,7947,7846
8318,8327,8328,8316,8328,8309,8273,8242,8252,8218,8129,8129,8136,8088,8088,8053,8036,8001,7951,7911
8319,8328,8331,8324,8331,8316,8281,8252,8253,8219,8130,8130,8140,8113,8113,8058,8053,8002,7956,7912
8322,8331,8332,8326,8332,8324,8303,8253,8267,8227,8136,8136,8184,8129,8129,8060,8058,8012,7966,7936
8324,8332,8333,8327,8333,8326,8304,8267,8270,8233,8140,8140,8218,8136,8130,8078,8060,8015,7974,7947
8326,8333,8334,8328,8334,8327,8306,8270,8273,8242,8184,8184,8219,8140,8136,8086,8078,8028,7984,7951
8327,8334,8336,8331,8336,8328,8308,8273,8282,8252,8218,8218,8227,8184,8140,8088,8086,8031,7988,7956
8328,8335,8341,8332,8341,8331,8309,8282,8303,8253,8219,8219,8233,8218,8184,8113,8088,8035,8001,7966
8331,8336,8343,8333,8355,8332,8316,8303,8304,8267,8227,8227,8242,8219,8218,8129,8113,8036,8002,7974
8332,8341,8345,8334,8356,8333,8327,8304,8306,8270,8233,8233,8252,8227,8219,8130,8129,8053,8012,7984
8333,8343,8346,8336,8358,8334,8328,8306,8308,8273,8242,8242,8253,8233,8227,8136,8130,8058,8015,7988
8334,8345,8350,8341,8359,8336,8331,8308,8309,8282,8252,8252,8267,8242,8233,8140,8136,8060,8028,8001
8335,8346,8352,8355,8360,8339,8332,8309,8316,8303,8253,8253,8270,8252,8242,8184,8140,8078,8031,8002
8336,8350,8355,8356,8361,8341,8333,8316,8324,8304,8267,8267,8273,8253,8252,8218,8184,8086,8035,8012
8341,8355,8356,8358,8362,8355,8334,8324,8327,8306,8270,8270,8282,8267,8253,8219,8218,8088,8036,8015
8343,8356,8358,8359,8363,8356,8336,8327,8328,8308,8273,8273,8303,8270,8267,8227,8219,8113,8053,8031
8345,8357,8359,8360,8366,8358,8339,8328,8331,8309,8282,8282,8304,8273,8270,8233,8227,8129,8056,8035
8346,8358,8360,8361,8368,8359,8341,8331,8332,8316,8303,8303,8306,8282,8273,8242,8233,8130,8058,8053
8350,8359,8361,8362,8369,8361,8354,8332,8333,8324,8304,8304,8308,8303,8282,8252,8242,8136,8060,8056
8355,8360,8362,8363,8370,8366,8355,8333,8334,8327,8306,8306,8309,8304,8303,8253,8252,8184,8078,8058
8356,8361,8363,8366,8377,8368,8356,8334,8336,8328,8308,8308,8316,8306,8304,8267,8253,8219,8086,8060
8357,8362,8366,8368,8379,8369,8358,8336,8339,8331,8309,8309,8324,8308,8306,8273,8267,8227,8088,8086
8358,8363,8368,8369,8380,8377,8359,8339,8341,8332,8316,8316,8327,8309,8308,8282,8273,8233,8111,8088
8359,8368,8369,8370,8381,8379,8366,8341,8354,8333,8324,8324,8331,8316,8309,8303,8282,8242,8113,8111
8360,8369,8370,8377,8382,8381,8368,8354,8355,8334,8327,8327,8332,8324,8316,8304,8303,8252,8129,8113
8361,8370,8375,8379,8385,8382,8369,8355,8356,8336,8328,8331,8333,8327,8324,8306,8304,8253,8130,8129
8362,8379,8377,8380,8386,8385,8377,8356,8358,8341,8331,8332,8334,8331,8327,8308,8306,8267,8136,8130
8363,8380,8379,8381,8387,8386,8379,8358,8359,8354,8332,8333,8336,8332,8331,8309,8308,8273,8184,8136
8369,8381,8380,8382,8388,8388,8381,8359,8361,8355,8333,8334,8341,8333,8332,8316,8309,8282,8227,8184
8370,8382,8381,8385,8390,8390,8382,8361,8363,8356,8334,8336,8354,8334,8333,8324,8316,8303,8233,8227
8379,8385,8382,8386,8394,8394,8385,8363,8366,8358,8336,8341,8355,8336,8334,8331,8324,8304,8242,8233
8380,8386,8385,8387,8403,8403,8386,8366,8367,8359,8341,8354,8356,8341,8336,8334,8331,8306,8252,8252
8381,8387,8386,8388,8404,8404,8390,8368,8368,8361,8354,8355,8358,8354,8341,8336,8334,8308,8253,8253
8382,8388,8387,8390,8411,8411,8394,8369,8369,8363,8355,8356,8359,8355,8354,8341,8336,8309,8267,8267
8385,8390,8388,8394,8473,8415,8403,8377,8377,8366,8356,8358,8361,8356,8355,8354,8341,8316,8273,8273
8386,8394,8390,8403,8515,8418,8404,8379,8379,8367,8358,8359,8363,8358,8356,8355,8354,8331,8282,8279
8387,8396,8394,8404,8522,8473,8411,8381,8381,8368,8359,8361,8366,8359,8358,8356,8355,8334,8283,8282
8388,8403,8396,8411,8564,8515,8415,8382,8382,8369,8361,8363,8367,8361,8359,8358,8358,8336,8303,8283
8390,8404,8403,8473,8570,8522,8418,8385,8385,8377,8363,8366,8368,8363,8361,8359,8359,8341,8304,8303
8394,8515,8404,8515,8572,8544,8473,8386,8386,8379,8366,8367,8369,8366,8366,8361,8361,8354,8306,8304
8396,8522,8411,8522,8573,8564,8511,8388,8388,8381,8367,8368,8370,8368,8368,8366,8366,8355,8308,8306
8403,8544,8473,8564,8574,8570,8515,8390,8390,8382,8368,8369,8377,8369,8369,8369,8369,8358,8309,8308
8404,8564,8515,8570,8585,8571,8522,8394,8394,8385,8369,8377,8379,8370,8370,8370,8370,8359,8316,8309
8408,8565,8522,8572,8586,8572,8544,8403,8403,8386,8377,8379,8381,8377,8377,8377,8377,8366,8331,8316
8515,8570,8544,8573,8591,8573,8564,8404,8404,8388,8379,8381,8382,8379,8379,8379,8379,8369,8334,8331
8544,8572,8564,8574,8592,8574,8570,8411,8411,8390,8381,8382,8385,8381,8381,8381,8381,8370,8341,8334
8564,8573,8570,8585,8593,8583,8571,8415,8415,8394,8382,8385,8386,8382,8382,8382,8382,8377,8354,8341
8565,8574,8572,8586,8595,8584,8572,8418,8418,8403,8385,8386,8388,8385,8385,8385,8385,8379,8355,8354
8570,8577,8573,8591,8597,8585,8573,8473,8473,8404,8386,8388,8390,8388,8410,8410,8410,8381,8358,8355
8572,8585,8574,8592,8601,8586,8574,8511,8511,8411,8388,8390,8394,8390,8411,8411,8411,8382,8359,8359
8573,8586,8585,8593,8603,8591,8583,8515,8522,8415,8390,8394,8410,8394,8418,8418,8418,8385,8366,8366
8574,8591,8586,8595,8604,8592,8584,8522,8544,8418,8394,8410,8411,8410,8439,8439,8439,8410,8369,8369
8577,8593,8591,8597,8606,8593,8586,8544,8564,8473,8411,8411,8418,8411,8473,8473,8473,8411,8377,8377
8585,8595,8592,8601,8607,8595,8591,8564,8570,8511,8415,8415,8439,8418,8515,8515,8515,8418,8379,8382
8586,8597,8593,8603,8615,8597,8593,8570,8572,8522,8418,8418,8473,8439,8524,8524,8524,8439,8382,8385
8591,8601,8595,8604,8623,8601,8595,8572,8574,8544,8439,8439,8515,8473,8544,8570,8570,8473,8385,8410
8595,8603,8597,8606,8628,8603,8597,8574,8586,8570,8473,8473,8524,8515,8570,8572,8572,8515,8410,8411
8597,8604,8601,8607,8752,8604,8601,8586,8591,8572,8522,8522,8544,8524,8572,8585,8586,8524,8411,8418
8601,8606,8603,8615,8754,8606,8603,8591,8593,8574,8544,8524,8570,8544,8586,8586,8591,8570,8418,8439
8603,8607,8604,8621,8755,8607,8604,8593,8595,8586,8570,8544,8572,8570,8591,8591,8593,8572,8439,8473
8604,8615,8606,8623,8759,8609,8606,8595,8601,8591,8572,8570,8586,8572,8593,8593,8595,8586,8473,8570
8606,8621,8607,8628,8761,8615,8607,8601,8604,8593,8574,8572,8591,8586,8595,8595,8601,8591,8570,8572
8607,8628,8615,8752,8763,8628,8609,8604,8606,8595,8586,8586,8593,8591,8601,8601,8604,8593,8572,8586
8615,8752,8621,8754,8766,8703,8616,8606,8607,8601,8591,8591,8595,8593,8604,8604,8609,8595,8586,8591
8751,8754,8628,8755,8795,8752,8628,8607,8609,8604,8593,8593,8601,8595,8609,8609,8616,8601,8591,8593
8752,8755,8752,8759,8801,8754,8698,8609,8616,8606,8595,8595,8604,8601,8616,8616,8628,8604,8593,8595
8754,8759,8754,8761,8802,8755,8703,8616,8628,8607,8601,8601,8609,8604,8628,8628,8630,8616,8595,8601
8755,8761,8755,8763,8804,8759,8752,8628,8703,8609,8604,8604,8616,8609,8630,8630,8697,8628,8601,8604
8756,8766,8759,8766,8815,8761,8754,8698,8725,8616,8609,8609,8628,8616,8697,8697,8725,8630,8604,8628
8759,8801,8761,8795,8830,8763,8755,8703,8729,8628,8616,8616,8630,8628,8714,8714,8729,8697,8628,8630
8760,8802,8763,8801,8848,8766,8759,8725,8754,8630,8628,8628,8697,8630,8725,8725,8750,8725,8630,8697
8761,8830,8766,8802,8905,8795,8761,8729,8755,8714,8630,8630,8714,8697,8729,8729,8766,8729,8697,8725
8801,9001,8799,8804,8933,8801,8763,8754,8759,8725,8714,8714,8725,8714,8750,8750,8795,8750,8725,8750
8802,9002,8801,8815,9001,8802,8766,8755,8761,8729,8725,8725,8729,8725,8766,8766,8801,8766,8729,8766
8830,9003,8802,8830,9003,8804,8795,8759,8766,8750,8729,8729,8750,8729,8795,8795,8802,8795,8750,8795
9001,9005,8830,8848,9005,8815,8801,8761,8795,8766,8750,8750,8766,8750,8801,8801,8804,8801,8766,8801
9002,9006,9001,8905,9006,8830,8802,8763,8801,8795,8766,8766,8795,8766,8802,8802,8830,8802,8795,8802
9003,9007,9002,9001,9007,8840,8804,8766,8802,8801,8795,8795,8801,8795,8804,8804,8848,8804,8801,8804
9005,9008,9003,9002,9008,8848,8815,8795,8804,8802,8801,8801,8802,8801,8830,8830,8876,8830,8802,8830
9006,9009,9005,9003,9009,8853,8830,8801,8815,8804,8802,8802,8804,8802,8848,8848,8905,8848,8804,8876
9007,9020,9006,9005,9020,8868,8840,8802,8830,8815,8804,8804,8830,8804,8905,8905,8933,8876,8830,8905
9008,9021,9007,9006,9021,8902,8848,8804,8848,8830,8815,8815,8848,8830,8933,8933,9001,8905,8876,9001
9009,9022,9008,9007,9022,8905,8868,8815,8905,8905,8830,8830,8905,8848,9001,9001,9003,8933,8905,9003
9020,9031,9009,9008,9031,8933,8902,8830,8933,8933,8905,8905,8933,8905,9003,9003,9005,9001,9001,9005
9021,9041,9020,9009,9041,9001,8905,8848,9001,9001,8933,8933,9001,8933,9005,9005,9006,9003,9003,9006
9022,9042,9021,9020,9042,9005,8933,8905,9003,9003,9001,9001,9003,9001,9006,9006,9007,9005,9005,9007
9031,9043,9022,9021,9043,9006,9001,8933,9005,9005,9003,9003,9005,9003,9007,9007,9008,9006,9006,9008
9041,9048,9031,9022,9048,9007,9005,9001,9006,9006,9005,9005,9006,9005,9008,9008,9009,9007,9007,9009
9042,9062,9041,9031,9062,9008,9006,9005,9007,9007,9006,9006,9007,9006,9009,9009,9020,9008,9008,9020
9043,9064,9042,9041,9064,9009,9007,9006,9008,9008,9007,9007,9008,9007,9020,9020,9021,9009,9009,9021
9048,9075,9043,9042,9075,9020,9008,9007,9009,9009,9008,9008,9009,9008,9021,9021,9022,9020,9020,9022
9062,9076,9048,9043,9076,9021,9009,9008,9020,9020,9009,9009,9020,9009,9022,9022,9024,9021,9021,9024
9064,9086,9062,9048,9086,9022,9020,9009,9021,9021,9020,9020,9021,9020,9024,9024,9031,9022,9022,9031
9075,9101,9064,9062,9101,9041,9021,9020,9022,9022,9021,9021,9022,9021,9031,9031,9041,9024,9024,9041
9076,9104,9075,9064,9104,9042,9022,9021,9031,9031,9022,9022,9031,9022,9041,9041,9042,9031,9031,9042
9086,9107,9076,9075,9107,9048,9041,9022,9041,9041,9031,9031,9041,9024,9042,9042,9044,9041,9041,9044
9101,9202,9086,9076,9202,9062,9042,9031,9042,9042,9041,9041,9042,9031,9044,9044,9045,9042,9042,9045
9104,9205,9101,9086,9205,9064,9045,9041,9044,9044,9042,9042,9044,9041,9045,9045,9048,9044,9044,9048
9107,9301,9104,9101,9301,9076,9048,9042,9045,9045,9044,9044,9045,9042,9048,9048,9062,9045,9045,9062
9201,9364,9107,9104,9364,9101,9062,9045,9048,9048,9045,9045,9048,9044,9062,9062,9064,9048,9048,9064
9202,9401,9202,9107,9401,9104,9064,9048,9062,9062,9048,9048,9062,9045,9064,9064,9065,9062,9062,9065
9301,9404,9205,9202,9404,9107,9065,9062,9064,9064,9062,9062,9064,9048,9065,9065,9072,9064,9064,9072
9364,9409,9301,9205,9409,9202,9076,9064,9065,9065,9064,9064,9065,9062,9072,9072,9076,9065,9065,9076
9401,9432,9364,9301,9432,9205,9101,9065,9075,9075,9065,9065,9072,9064,9075,9075,9101,9072,9072,9101
9404,9433,9401,9364,9433,9301,9104,9076,9076,9076,9075,9072,9075,9065,9076,9076,9104,9076,9076,9104
9409,9434,9404,9401,9435,9303,9107,9101,9101,9101,9076,9075,9076,9072,9101,9101,9107,9101,9101,9142
9432,9437,9409,9404,9437,9364,9202,9104,9104,9104,9101,9076,9101,9075,9104,9104,9142,9104,9104,9143
9433,9442,9432,9409,9442,9401,9205,9107,9107,9107,9104,9101,9104,9076,9107,9107,9201,9107,9142,9201
9434,9501,9433,9432,9448,9404,9301,9132,9202,9202,9107,9104,9107,9101,9201,9201,9202,9142,9143,9202
9437,9502,9434,9433,9501,9409,9303,9202,9205,9301,9202,9107,9201,9104,9202,9202,9301,9143,9201,9301
9442,9503,9435,9434,9502,9432,9364,9205,9301,9303,9301,9201,9202,9107,9301,9301,9303,9201,9202,9364
9501,9504,9437,9435,9503,9433,9401,9301,9303,9364,9303,9202,9301,9201,9303,9303,9364,9202,9301,9401
9502,9505,9442,9437,9504,9435,9404,9303,9364,9401,9364,9301,9303,9202,9364,9364,9401,9301,9364,9404
9503,9506,9501,9442,9505,9437,9409,9364,9401,9404,9401,9303,9364,9301,9401,9401,9404,9364,9401,9409
9504,9507,9502,9448,9506,9448,9432,9401,9404,9409,9404,9364,9401,9303,9404,9404,9409,9401,9404,9432
9505,9508,9503,9501,9507,9501,9433,9404,9409,9427,9409,9401,9404,9364,9409,9409,9432,9404,9409,9433
9506,9509,9504,9502,9508,9502,9435,9409,9432,9432,9432,9404,9409,9401,9432,9432,9433,9409,9432,9434
9507,9531,9505,9503,9509,9503,9437,9432,9433,9433,9433,9409,9432,9404,9433,9433,9435,9432,9433,9435
9508,9532,9506,9504,9513,9504,9501,9433,9435,9435,9435,9432,9433,9409,9435,9435,9437,9433,9434,9437
9509,9533,9507,9505,9531,9505,9502,9435,9437,9437,9437,9433,9435,9432,9437,9437,9501,9435,9435,9449
9531,9602,9508,9506,9532,9506,9503,9437,9501,9501,9501,9435,9437,9433,9501,9501,9502,9437,9437,9501
9532,9609,9509,9507,9533,9507,9504,9501,9502,9502,9502,9437,9501,9435,9502,9502,9503,9501,9501,9502
9533,9613,9531,9508,9602,9508,9505,9502,9503,9503,9503,9501,9502,9437,9503,9503,9504,9502,9502,9503
9602,9614,9532,9509,9613,9509,9506,9503,9504,9504,9504,9502,9503,9501,9504,9504,9505,9503,9503,9504
9609,9620,9533,9531,9654,9513,9507,9504,9505,9505,9505,9503,9504,9502,9505,9505,9506,9504,9504,9505
9613,9654,9602,9532,9684,9531,9508,9505,9506,9506,9506,9504,9505,9503,9506,9506,9507,9505,9505,9506
9614,9684,9613,9533,9694,9532,9509,9506,9507,9507,9507,9505,9506,9504,9507,9507,9508,9506,9506,9507
9620,9694,9614,9602,9706,9533,9513,9507,9508,9508,9508,9506,9507,9505,9508,9508,9509,9507,9507,9508
9684,9697,9654,9613,9719,9602,9531,9508,9509,9509,9509,9507,9508,9506,9509,9509,9513,9508,9508,9509
9694,9706,9684,9614,9735,9613,9532,9509,9511,9511,9511,9508,9509,9507,9513,9513,9531,9509,9509,9513
9697,9715,9694,9654,9737,9654,9533,9513,9513,9513,9513,9509,9513,9508,9531,9531,9532,9513,9513,9531
9706,9719,9697,9684,9741,9684,9602,9531,9531,9531,9531,9513,9531,9509,9532,9532,9533,9531,9531,9532
9715,9735,9706,9694,9744,9694,9613,9532,9532,9532,9532,9531,9532,9513,9533,9533,9601,9532,9532,9533
9719,9737,9719,9706,9747,9715,9684,9533,9533,9533,9533,9532,9533,9531,9601,9601,9602,9533,9533,9601
9735,9741,9735,9719,9749,9735,9715,9602,9601,9601,9601,9533,9601,9532,9602,9602,9613,9601,9601,9602
9737,9744,9737,9735,9751,9737,9735,9613,9602,9602,9602,9601,9602,9533,9613,9613,9627,9602,9602,9613
9741,9747,9741,9737,9766,9744,9737,9684,9613,9613,9613,9602,9613,9601,9684,9684,9684,9613,9613,9627
9744,9749,9744,9741,9783,9747,9744,9697,9684,9684,9684,9613,9684,9602,9697,9697,9697,9627,9627,9684
9747,9751,9747,9744,9792,9749,9747,9706,9697,9697,9697,9684,9697,9613,9706,9706,9706,9684,9684,9697
9749,9752,9749,9747,9831,9751,9749,9735,9706,9706,9706,9697,9706,9684,9719,9719,9719,9697,9697,9706
9751,9759,9751,9749,9843,9766,9751,9737,9735,9735,9735,9706,9735,9697,9735,9735,9735,9706,9706,9719
9752,9766,9752,9751,9861,9831,9766,9744,9744,9744,9744,9735,9744,9706,9744,9744,9744,9719,9719,9735
9759,9783,9766,9752,9875,9843,9783,9747,9747,9747,9747,9744,9747,9735,9747,9747,9747,9735,9735,9744
9766,9831,9783,9766,9945,9861,9831,9766,9766,9766,9766,9747,9766,9744,9766,9766,9766,9744,9744,9766
9783,9861,9792,9783,9962,9875,9832,9783,9783,9783,9783,9766,9783,9747,9783,9783,9783,9766,9766,9783
9831,9875,9831,9792,9983,9945,9843,9793,9793,9793,9793,9783,9793,9766,9831,9831,9831,9783,9783,9831
9832,9962,9843,9831,9984,9962,9861,9831,9831,9831,9831,9793,9831,9783,9832,9832,9832,9831,9831,9832
9861,9983,9861,9843,9987,9983,9962,9832,9832,9832,9832,9831,9832,9831,9843,9843,9843,9832,9832,9843
9875,9984,9875,9861,,9984,9983,9843,9843,9843,9843,9832,9843,9832,9861,9861,9861,9843,9843,9861
9962,9987,9945,9875,,9987,9984,9861,9861,9861,9861,9843,9861,9843,9956,9956,9956,9861,9861,9962
9983,,9962,9945,,9989,9987,9962,9962,9962,9962,9861,9962,9861,9962,9962,9962,9956,9962,9983
9984,,9983,9962,,,9989,9983,9983,9983,9983,9962,9983,9962,9983,9983,9983,9962,9983,9984
9987,,9984,9983,,,,9984,9984,9984,9984,9983,9984,9983,9984,9984,9984,9983,9984,9987
,,9987,9984,,,,9987,9987,9987,9987,9984,9987,9984,9987,9987,9987,9984,9987,9989
,,9997,9987,,,,9989,9989,9989,9989,9987,9989,9987,9989,9989,9989,9987,9989,
,,,,,,,,,,,9989,,9989,,,,9989,,
